{
  "best_map": 0.8,
  "best_loss": 0.1040451806247904,
  "train_losses": [
    0.24012378318998465,
    0.14894739524395537,
    0.12535580423085993,
    0.11499934331214222,
    0.1085506128717442,
    0.10339077383139444,
    0.09975334683804535,
    0.09619594977077921,
    0.09389511574194233,
    0.0924161688265284,
    0.09045963187583575,
    0.08903663746977526,
    0.08830936690514653,
    0.08718046147136524,
    0.08611901507974606,
    0.08541351180155199,
    0.08487047308257648,
    0.0840641912920883,
    0.0840246847054367,
    0.08340730882444225,
    0.08267674584006028,
    0.08227780013340796,
    0.0823844412116559,
    0.0821186001624567,
    0.08203402760451779,
    0.0818677592665846,
    0.08201606123703803,
    0.08191524254190304,
    0.08190292891939543
  ],
  "val_losses": [
    0.18061066192857336,
    0.14564649082636566,
    0.13248953742257666,
    0.12213616508446383,
    0.11876001820135652,
    0.11471558002273688,
    0.11739636488844839,
    0.1178237765692593,
    0.1175273439187682,
    0.11892696436536446,
    0.11196461956152755,
    0.11005524169193225,
    0.10764318997605463,
    0.11314633748169696,
    0.10757139676742339,
    0.10818673176377007,
    0.11014346527249626,
    0.10740686274981232,
    0.1052733864844515,
    0.10997641773036357,
    0.10556036861759893,
    0.10637337446547626,
    0.10573104090904922,
    0.1040451806247904,
    0.10831656499525134,
    0.1077745146630855,
    0.10538832140102815,
    0.10541235228602806,
    0.10561181738805235
  ],
  "maps": [
    0.5238943894389438,
    0.6608910891089109,
    0.6853465346534654,
    0.7247524752475247,
    0.7566336633663366,
    0.8,
    0.7151815181518151,
    0.722112211221122,
    0.7033003300330032,
    0.7151815181518151,
    0.7732673267326733,
    0.7732673267326733,
    0.7524752475247525,
    0.7493399339933993,
    0.7366336633663366,
    0.7504950495049505,
    0.7023102310231022,
    0.7504950495049505,
    0.771089108910891,
    0.7339933993399339,
    0.771089108910891,
    0.771089108910891,
    0.771089108910891,
    0.771089108910891,
    0.7452970297029703,
    0.7452970297029703,
    0.771089108910891,
    0.7641584158415841,
    0.7745544554455445
  ],
  "maps03": [
    1.0,
    1.0,
    1.0,
    1.0,
    1.0,
    1.0,
    1.0,
    1.0,
    1.0,
    1.0,
    1.0,
    1.0,
    1.0,
    1.0,
    1.0,
    1.0,
    1.0,
    1.0,
    1.0,
    1.0,
    1.0,
    1.0,
    1.0,
    1.0,
    1.0,
    1.0,
    1.0,
    1.0,
    1.0
  ],
  "precision": [
    0.15625,
    0.4166666666666667,
    0.3125,
    0.35714285714285715,
    0.35714285714285715,
    0.4166666666666667,
    1.0,
    1.0,
    1.0,
    0.4166666666666667,
    0.4166666666666667,
    0.4166666666666667,
    0.4166666666666667,
    0.4166666666666667,
    1.0,
    0.4166666666666667,
    0.35714285714285715,
    0.4166666666666667,
    0.4166666666666667,
    0.4166666666666667,
    0.4166666666666667,
    1.0,
    1.0,
    1.0,
    1.0,
    1.0,
    1.0,
    1.0,
    1.0
  ],
  "recall": [
    0.5,
    0.5,
    0.5,
    0.5,
    0.5,
    0.5,
    1.0,
    1.0,
    1.0,
    0.5,
    0.5,
    0.5,
    0.5,
    0.5,
    1.0,
    0.5,
    0.5,
    0.5,
    0.5,
    0.5,
    0.5,
    1.0,
    1.0,
    1.0,
    1.0,
    1.0,
    1.0,
    1.0,
    1.0
  ],
  "f1": [
    0.23809523809523808,
    0.45454545454545453,
    0.38461538461538464,
    0.4166666666666667,
    0.4166666666666667,
    0.45454545454545453,
    1.0,
    1.0,
    1.0,
    0.45454545454545453,
    0.45454545454545453,
    0.45454545454545453,
    0.45454545454545453,
    0.45454545454545453,
    1.0,
    0.45454545454545453,
    0.4166666666666667,
    0.45454545454545453,
    0.45454545454545453,
    0.45454545454545453,
    0.45454545454545453,
    1.0,
    1.0,
    1.0,
    1.0,
    1.0,
    1.0,
    1.0,
    1.0
  ]
}