{
  "best_map": 0.6873267326732674,
  "best_loss": 0.06311583008324162,
  "train_losses": [
    0.14791867314739915,
    0.08799863587977186,
    0.07819653579634811,
    0.07263269370167372,
    0.06993436167130665,
    0.06763578360107854,
    0.06543750070865899,
    0.06405150957604405,
    0.06318574546714967,
    0.06183320894439703,
    0.061078844542265684,
    0.0602268375386155,
    0.05908578569932111,
    0.05814902507809679,
    0.05730879291587947,
    0.05695281300570939,
    0.05638630107466243,
    0.05545783673926276,
    0.05528966628096916,
    0.0550328719208903,
    0.0545543444399931,
    0.054260650120406546,
    0.05431638775010311,
    0.05426907556912214
  ],
  "val_losses": [
    0.09505422045005842,
    0.08425765509685773,
    0.07591395285189821,
    0.07332477634877302,
    0.07285377416717873,
    0.07313003131512845,
    0.07049081323856718,
    0.07143617940417836,
    0.06954361008626692,
    0.06875229652008313,
    0.06880655261070541,
    0.06757278627391612,
    0.06850563994284427,
    0.06921641013762925,
    0.0658143102452996,
    0.06746405526325944,
    0.06677769538894128,
    0.06632552660080825,
    0.06311583008324162,
    0.06574643926506632,
    0.06477594739767943,
    0.06528585291143214,
    0.0652449264117841,
    0.0644027738926116
  ],
  "maps": [
    0.45732673267326734,
    0.5207920792079208,
    0.5859900990099011,
    0.5576732673267327,
    0.4820462046204621,
    0.5355775577557756,
    0.5566336633663367,
    0.5724752475247524,
    0.5724752475247524,
    0.6124752475247525,
    0.5907920792079209,
    0.6245544554455446,
    0.6224752475247525,
    0.5887128712871287,
    0.6403960396039603,
    0.6524752475247525,
    0.6414356435643565,
    0.6403960396039603,
    0.6845544554455445,
    0.6524752475247525,
    0.6524752475247525,
    0.6524752475247525,
    0.6524752475247525,
    0.6873267326732674
  ],
  "maps03": [
    1.0,
    1.0,
    1.0,
    1.0,
    1.0,
    1.0,
    1.0,
    1.0,
    1.0,
    1.0,
    1.0,
    1.0,
    1.0,
    1.0,
    1.0,
    1.0,
    1.0,
    1.0,
    1.0,
    1.0,
    1.0,
    1.0,
    1.0,
    1.0
  ],
  "precision": [
    0.25,
    0.3125,
    0.2777777777777778,
    0.3125,
    0.3125,
    0.2777777777777778,
    0.3125,
    0.3125,
    0.2777777777777778,
    0.35714285714285715,
    0.35714285714285715,
    0.2777777777777778,
    0.3125,
    0.4166666666666667,
    0.3125,
    0.35714285714285715,
    0.20833333333333334,
    0.4166666666666667,
    0.35714285714285715,
    0.35714285714285715,
    0.4166666666666667,
    0.3125,
    0.3125,
    0.35714285714285715
  ],
  "recall": [
    0.5,
    0.5,
    0.5,
    0.5,
    0.5,
    0.5,
    0.5,
    0.5,
    0.5,
    0.5,
    0.5,
    0.5,
    0.5,
    0.5,
    0.5,
    0.5,
    0.5,
    0.5,
    0.5,
    0.5,
    0.5,
    0.5,
    0.5,
    0.5
  ],
  "f1": [
    0.3333333333333333,
    0.38461538461538464,
    0.35714285714285715,
    0.38461538461538464,
    0.38461538461538464,
    0.35714285714285715,
    0.38461538461538464,
    0.38461538461538464,
    0.35714285714285715,
    0.4166666666666667,
    0.4166666666666667,
    0.35714285714285715,
    0.38461538461538464,
    0.45454545454545453,
    0.38461538461538464,
    0.4166666666666667,
    0.29411764705882354,
    0.45454545454545453,
    0.4166666666666667,
    0.4166666666666667,
    0.45454545454545453,
    0.38461538461538464,
    0.38461538461538464,
    0.4166666666666667
  ]
}